City_ID,City,Country,Date,Lat,Lng,Max Temp,Humidity,Cloudiness,Wind Speed
0,Davila,PH,2022-08-06 16:27:12,18.4726,120.5763,82.11,81,47,9.8
1,Ribeira Grande,PT,2022-08-06 16:27:12,38.5167,-28.7,77.4,78,20,11.5
2,Muravlenko,RU,2022-08-06 16:27:13,63.7898,74.523,63.09,66,58,9.6
3,Rameshki,RU,2022-08-06 16:27:13,57.3439,36.0453,76.35,63,69,5.48
4,Lagoa,PT,2022-08-06 16:27:13,39.05,-27.9833,75.65,80,28,12.15
5,Broome,US,2022-08-06 16:27:14,42.2506,-75.833,88.09,66,20,11.5
6,Castro,BR,2022-08-06 16:27:14,-24.7911,-50.0119,63.59,71,98,6.76
7,Ushuaia,AR,2022-08-06 16:27:14,-54.8,-68.3,37.02,80,0,1.14
8,Barrow,US,2022-08-06 16:27:15,71.2906,-156.7887,35.22,88,100,17.2
9,Tuatapere,NZ,2022-08-06 16:27:15,-46.1333,167.6833,43.54,97,75,12.19
10,Carnarvon,AU,2022-08-06 16:27:15,-24.8667,113.6333,64.26,55,0,14.5
11,Atuona,PF,2022-08-06 16:27:15,-9.8,-139.0333,76.77,77,60,18.7
12,Bambous Virieux,MU,2022-08-06 16:22:16,-20.3428,57.7575,70.05,83,40,13.8
13,Guerrero Negro,MX,2022-08-06 16:27:16,27.9769,-114.0611,74.34,77,96,11.41
14,Qaanaaq,GL,2022-08-06 16:27:16,77.484,-69.3632,42.17,57,100,2.91
15,Butaritari,KI,2022-08-06 16:27:16,3.0707,172.7902,81.68,78,89,14.7
16,Zaysan,KZ,2022-08-06 16:27:17,47.4667,84.8667,70.59,38,83,8.3
17,Katsuura,JP,2022-08-06 16:27:17,35.1333,140.3,75.47,85,69,5.08
18,Asau,RO,2022-08-06 16:26:07,46.4333,26.4,83.32,60,100,2.68
19,Vaini,TO,2022-08-06 16:27:18,-21.2,-175.2,71.76,88,40,10.36
20,Los Llanos De Aridane,ES,2022-08-06 16:27:18,28.6585,-17.9182,74.95,65,20,13.8
21,Kavieng,PG,2022-08-06 16:27:18,-2.5744,150.7967,80.26,78,26,6.55
22,Krasnoslobodsk,RU,2022-08-06 16:27:18,48.7072,44.5714,90.55,18,0,13.42
23,Tautira,PF,2022-08-06 16:27:19,-17.7333,-149.15,75.72,79,100,23.69
24,Pingzhuang,CN,2022-08-06 16:27:19,42.0372,119.2889,77.54,81,100,9.89
25,Pokhara,NP,2022-08-06 16:27:19,28.2333,83.9833,74.19,90,100,1.9
26,Hilo,US,2022-08-06 16:24:35,19.7297,-155.09,76.28,91,100,3.44
27,Mirnyy,RU,2022-08-06 16:27:20,62.5353,113.9611,44.24,93,100,7.0
28,Axim,GH,2022-08-06 16:27:20,4.8699,-2.2405,78.3,67,12,9.66
29,Vao,NC,2022-08-06 16:27:20,-22.6667,167.4833,73.44,83,17,12.15
30,Hobart,AU,2022-08-06 16:27:21,-42.8794,147.3294,42.06,89,40,8.05
31,Nalut,LY,2022-08-06 16:27:21,30.3333,10.85,97.57,16,2,12.41
32,Tuktoyaktuk,CA,2022-08-06 16:27:21,69.4541,-133.0374,59.0,94,100,10.36
33,Longyearbyen,SJ,2022-08-06 16:27:22,78.2186,15.6401,51.64,76,75,3.44
34,Jamestown,US,2022-08-06 16:27:22,42.097,-79.2353,82.02,60,100,6.91
35,Rikitea,PF,2022-08-06 16:27:22,-23.1203,-134.9692,68.95,65,81,19.48
36,Sobolevo,RU,2022-08-06 16:27:23,54.4299,31.8996,75.04,76,3,6.44
37,Busselton,AU,2022-08-06 16:27:23,-33.65,115.3333,54.39,91,47,14.29
38,Hermanus,ZA,2022-08-06 16:27:23,-34.4187,19.2345,55.8,73,100,22.44
39,Mahebourg,MU,2022-08-06 16:27:24,-20.4081,57.7,70.09,83,40,13.8
40,Pines,PH,2022-08-06 16:27:24,8.4522,123.8075,75.85,96,100,4.92
41,Albany,US,2022-08-06 16:25:38,42.6001,-73.9662,90.64,62,34,4.81
42,Punta Arenas,CL,2022-08-06 16:27:24,-53.15,-70.9167,37.51,87,100,8.05
43,Matagami,CA,2022-08-06 16:27:25,49.7502,-77.6328,75.31,64,40,19.57
44,Chernyshevskiy,RU,2022-08-06 16:27:25,63.0128,112.4714,46.9,98,100,6.55
45,Saskylakh,RU,2022-08-06 16:27:25,71.9167,114.0833,48.25,63,100,7.99
46,Cape Town,ZA,2022-08-06 16:28:26,-33.9258,18.4232,62.11,69,20,15.01
47,Pudozh,RU,2022-08-06 16:28:26,61.8099,36.5345,79.2,48,47,11.88
48,Owando,CG,2022-08-06 16:28:26,-0.4819,15.8999,88.43,42,86,3.49
49,Cidreira,BR,2022-08-06 16:28:27,-30.1811,-50.2056,57.67,64,46,7.14
50,Pouembout,NC,2022-08-06 16:28:27,-21.1333,164.9,72.32,89,51,2.35
51,Bilibino,RU,2022-08-06 16:28:27,68.0546,166.4372,45.43,73,83,2.42
52,Arraial Do Cabo,BR,2022-08-06 16:28:28,-22.9661,-42.0278,73.36,60,75,8.05
53,Bethel,US,2022-08-06 16:28:28,41.3712,-73.414,91.15,59,0,12.66
54,Ossora,RU,2022-08-06 16:28:28,59.2353,163.0719,54.75,89,7,2.3
55,Deputatskiy,RU,2022-08-06 16:28:28,69.3,139.9,44.31,98,100,3.62
56,Nanning,CN,2022-08-06 16:28:29,22.8167,108.3167,81.05,93,100,4.41
57,Avarua,CK,2022-08-06 16:28:29,-21.2078,-159.775,73.45,78,75,12.66
58,Norman Wells,CA,2022-08-06 16:28:29,65.282,-126.8329,57.24,94,100,18.41
59,Puerto Baquerizo Moreno,EC,2022-08-06 16:28:30,-0.9,-89.6,72.59,78,40,17.27
60,Neuquen,AR,2022-08-06 16:23:32,-38.9516,-68.0591,37.29,93,100,4.61
61,Mataura,NZ,2022-08-06 16:28:30,-46.1927,168.8643,43.61,94,91,5.12
62,Neiafu,TO,2022-08-06 16:28:30,-18.65,-173.9833,75.88,88,75,5.75
63,Constitucion,CL,2022-08-06 16:28:31,-35.3333,-72.4167,53.53,94,100,14.09
64,Senanga,ZM,2022-08-06 16:28:31,-16.1167,23.2667,80.28,18,0,5.91
65,Hithadhoo,MV,2022-08-06 16:28:31,-0.6,73.0833,82.89,72,48,10.8
66,Hasaki,JP,2022-08-06 16:28:31,35.7333,140.8333,73.8,81,88,5.21
67,Roald,NO,2022-08-06 16:28:32,62.5833,6.1333,56.08,76,75,14.97
68,Ponta Do Sol,PT,2022-08-06 16:28:32,32.6667,-17.1,80.71,74,0,3.71
69,Saint-Philippe,RE,2022-08-06 16:28:33,-21.3585,55.7679,69.39,72,54,6.46
70,Severo-Kurilsk,RU,2022-08-06 16:28:33,50.6789,156.125,52.74,93,100,9.35
71,Henties Bay,NA,2022-08-06 16:28:33,-22.116,14.2845,59.85,79,89,5.48
72,Cascais,PT,2022-08-06 16:28:33,38.6979,-9.4215,77.61,67,20,15.01
73,Souillac,MU,2022-08-06 16:28:34,-20.5167,57.5167,70.18,83,40,13.8
74,Qaqortoq,GL,2022-08-06 16:28:34,60.7167,-46.0333,45.63,93,96,10.85
75,Flinders,AU,2022-08-06 16:24:48,-34.5833,150.8552,55.18,70,23,8.99
76,Quatis,BR,2022-08-06 16:28:34,-22.4072,-44.2581,72.84,65,94,5.82
77,Yellowknife,CA,2022-08-06 16:28:35,62.456,-114.3525,63.12,63,75,15.01
78,Waddan,LY,2022-08-06 16:28:35,29.1614,16.139,97.88,18,0,13.09
79,Tobol,KZ,2022-08-06 16:28:35,52.6844,62.5794,70.29,50,0,7.81
80,Nouadhibou,MR,2022-08-06 16:28:36,20.931,-17.0347,80.58,74,5,13.8
81,Mehamn,NO,2022-08-06 16:28:36,71.0357,27.8492,58.95,55,100,11.5
82,Gravelbourg,CA,2022-08-06 16:28:36,49.8834,-106.5512,55.67,53,90,6.06
83,Kruisfontein,ZA,2022-08-06 16:28:37,-34.0033,24.7314,56.88,81,83,9.57
84,New Norfolk,AU,2022-08-06 16:28:37,-42.7826,147.0587,41.72,73,100,1.52
85,Alekseyevsk,RU,2022-08-06 16:28:38,57.8406,108.3492,50.56,97,99,6.55
86,Torbay,CA,2022-08-06 16:28:38,47.6666,-52.7314,79.88,71,75,11.01
87,Anloga,GH,2022-08-06 16:24:52,5.7947,0.8973,76.32,75,91,13.13
88,Sampit,ID,2022-08-06 16:28:39,-2.5333,112.95,71.96,91,88,1.77
89,Lebu,CL,2022-08-06 16:28:39,-37.6167,-73.65,49.86,95,100,5.08
90,Alexandria,EG,2022-08-06 16:28:39,31.2156,29.9553,84.16,61,0,9.22
91,Barabai,ID,2022-08-06 16:28:40,-2.5833,115.3833,73.56,89,96,1.34
92,Quixada,BR,2022-08-06 16:29:40,-4.9714,-39.0153,90.34,31,9,10.11
93,Fairbanks,US,2022-08-06 16:28:08,64.8378,-147.7164,51.76,90,100,6.91
94,Margate,GB,2022-08-06 16:29:32,51.3813,1.3862,72.3,54,6,4.0
95,Santa Marinella,IT,2022-08-06 16:29:40,42.0345,11.8536,96.53,61,3,14.03
96,Cherskiy,RU,2022-08-06 16:29:41,68.75,161.3,48.76,66,52,4.12
97,Talara,PE,2022-08-06 16:29:41,-4.5772,-81.2719,75.96,60,0,24.16
98,Palmeira,BR,2022-08-06 16:29:41,-25.4294,-50.0064,57.18,90,100,5.28
99,Gryazovets,RU,2022-08-06 16:29:42,58.88,40.2525,75.25,55,40,7.02
100,Paita,PE,2022-08-06 16:29:42,-5.0892,-81.1144,66.29,76,97,13.38
101,Borzya,RU,2022-08-06 16:29:42,50.3833,116.5167,59.56,53,100,9.55
102,Glendive,US,2022-08-06 16:29:42,47.1053,-104.7125,56.82,84,100,6.91
103,Pangnirtung,CA,2022-08-06 16:29:43,66.1451,-65.7125,39.2,100,100,9.22
104,Tigzirt,DZ,2022-08-06 16:29:43,36.8886,4.1198,86.5,55,0,13.13
105,Saratovskaya,RU,2022-08-06 16:29:43,44.7103,39.2244,85.82,37,45,11.56
106,Malinovoye Ozero,RU,2022-08-06 16:29:44,51.6753,79.7825,67.77,38,0,6.67
107,Salalah,OM,2022-08-06 16:27:53,17.0151,54.0924,77.09,94,100,4.61
108,Kanigoro,ID,2022-08-06 16:29:44,-8.13,112.219,71.29,96,86,4.27
109,Lavrentiya,RU,2022-08-06 16:29:44,65.5833,-171.0,42.93,87,93,4.21
110,Kieta,PG,2022-08-06 16:29:45,-6.2167,155.6333,78.26,80,90,5.08
111,Grand-Santi,GF,2022-08-06 16:29:45,4.25,-54.3833,91.83,44,86,3.67
112,Kalmunai,LK,2022-08-06 16:29:45,7.4167,81.8167,83.25,57,100,4.38
113,Cabo San Lucas,MX,2022-08-06 16:29:46,22.8909,-109.9124,91.62,51,40,4.61
114,Port Hardy,CA,2022-08-06 16:29:46,50.6996,-127.4199,57.38,94,100,3.44
115,Vostok,RU,2022-08-06 16:29:46,46.4856,135.8833,61.93,97,25,4.52
116,Esperance,AU,2022-08-06 16:29:46,-33.8667,121.9,54.45,62,50,11.5
117,Tiksi,RU,2022-08-06 16:29:47,71.6872,128.8694,38.8,91,100,16.08
118,Santiago Del Estero,AR,2022-08-06 16:29:47,-27.7951,-64.2615,69.39,30,19,6.6
119,La Ronge,CA,2022-08-06 16:29:47,55.1001,-105.2842,66.45,55,20,9.22
120,Mar Del Plata,AR,2022-08-06 16:29:17,-38.0023,-57.5575,51.1,77,0,5.99
121,Bengkulu,ID,2022-08-06 16:29:48,-3.8004,102.2655,75.51,86,0,4.72
122,North Bend,US,2022-08-06 16:29:48,43.4065,-124.2243,63.16,100,100,0.0
123,The Valley,AI,2022-08-06 16:29:48,18.217,-63.0578,85.82,79,20,16.11
124,Hammerfest,NO,2022-08-06 16:29:49,70.6634,23.6821,63.05,42,40,6.91
125,Bredasdorp,ZA,2022-08-06 16:29:49,-34.5322,20.0403,55.45,74,100,16.91
126,Mwinilunga,ZM,2022-08-06 16:29:49,-11.7358,24.4293,75.65,24,0,6.02
127,Petropavlovsk-Kamchatskiy,RU,2022-08-06 16:29:50,53.0452,158.6483,54.19,88,100,4.47
128,Prado,BR,2022-08-06 16:29:50,-17.3411,-39.2208,78.94,62,45,6.98
129,Kapaa,US,2022-08-06 16:25:33,22.0752,-159.319,73.72,92,75,6.91
130,Isangel,VU,2022-08-06 16:29:50,-19.55,169.2667,74.07,85,6,9.06
131,Port Elizabeth,ZA,2022-08-06 16:29:51,-33.918,25.5701,59.09,97,68,7.0
132,Geraldton,AU,2022-08-06 16:29:51,-28.7667,114.6,50.41,87,100,10.36
133,San Rafael,AR,2022-08-06 16:29:21,-34.6177,-68.3301,44.49,67,100,13.62
134,Samarai,PG,2022-08-06 16:29:51,-10.6167,150.6667,79.86,86,96,10.29
135,Palana,RU,2022-08-06 16:29:52,59.1167,159.9667,47.16,92,13,9.82
136,Lormi,IN,2022-08-06 16:30:52,22.2833,81.7333,84.29,71,100,2.98
137,Saint George,US,2022-08-06 16:30:52,37.1041,-113.5841,88.63,41,13,1.99
138,Coquimbo,CL,2022-08-06 16:30:52,-29.9533,-71.3436,58.73,72,100,13.8
139,San Quintin,MX,2022-08-06 16:30:53,30.4833,-115.95,74.37,79,95,12.57
140,Alugan,PH,2022-08-06 16:30:53,12.2188,125.4808,77.34,85,100,5.79
141,Puerto Ayora,EC,2022-08-06 16:30:53,-0.7393,-90.3518,76.96,89,92,11.99
142,Charleston,US,2022-08-06 16:29:36,32.7766,-79.9309,89.1,74,0,8.05
143,Saint Anthony,US,2022-08-06 16:30:54,45.0205,-93.218,73.83,95,75,11.5
144,Osorno,CL,2022-08-06 16:30:54,-40.5667,-73.15,50.25,76,75,0.0
145,Dikson,RU,2022-08-06 16:30:54,73.5069,80.5464,42.17,97,98,10.4
146,Cabedelo,BR,2022-08-06 16:30:55,-6.9811,-34.8339,83.07,73,28,15.41
147,Cristalina,BR,2022-08-06 16:27:15,-16.7686,-47.6136,83.93,18,5,6.13
148,Ixtapa,MX,2022-08-06 16:30:55,20.7,-105.2,88.23,74,100,3.44
149,Grand Gaube,MU,2022-08-06 16:30:55,-20.0064,57.6608,70.2,84,17,1.99
150,Marion,US,2022-08-06 16:30:56,39.7684,-86.1555,86.22,82,75,6.91
151,Laguna,US,2022-08-06 16:30:56,38.421,-121.4238,75.43,67,0,11.5
152,Rocha,UY,2022-08-06 16:30:27,-34.4833,-54.3333,55.51,54,100,6.85
153,Verkhniy Avzyan,RU,2022-08-06 16:30:56,53.5289,57.5372,64.27,70,72,3.09
154,Ancud,CL,2022-08-06 16:30:57,-41.8697,-73.8203,47.23,63,100,9.57
155,Progreso,MX,2022-08-06 16:30:57,21.2833,-89.6667,86.11,64,12,12.46
156,Ust-Nera,RU,2022-08-06 16:30:57,64.5667,143.2,62.22,69,95,6.4
157,Emporia,US,2022-08-06 16:30:57,38.4039,-96.1817,91.6,49,0,14.97
158,Thompson,CA,2022-08-06 16:26:33,55.7435,-97.8558,59.16,63,20,9.22
159,Lompoc,US,2022-08-06 16:30:58,34.6391,-120.4579,62.74,95,100,12.66
160,Orikhiv,UA,2022-08-06 16:30:58,47.5673,35.7858,79.65,47,76,7.16
161,Mukhen,RU,2022-08-06 16:30:58,48.1,136.1,69.15,91,65,4.94
162,Galle,LK,2022-08-06 16:30:59,6.0367,80.217,77.92,88,100,10.0
163,Palu,ID,2022-08-06 16:30:59,-0.8917,119.8707,75.94,96,99,1.41
164,Victoria,HK,2022-08-06 16:26:06,22.2855,114.1577,83.32,91,61,4.0
165,Vanimo,PG,2022-08-06 16:30:59,-2.6741,141.3028,76.37,87,79,3.11
166,Nizhniy Odes,RU,2022-08-06 16:31:00,63.6445,54.856,71.71,63,74,4.63
167,Mianyang,CN,2022-08-06 16:31:00,31.4593,104.7542,79.32,85,63,3.11
168,Asfi,MA,2022-08-06 16:31:00,32.2994,-9.2372,76.41,67,1,20.83
169,East London,ZA,2022-08-06 16:31:01,-33.0153,27.9116,59.94,88,20,10.36
170,Saint-Joseph,RE,2022-08-06 16:31:01,-21.3667,55.6167,68.38,72,56,4.54
171,Ushtobe,KZ,2022-08-06 16:31:01,45.2514,77.9838,76.23,28,0,10.0
172,Maraa,BR,2022-08-06 16:31:02,-1.8333,-65.3667,94.42,40,3,3.44
173,Khatanga,RU,2022-08-06 16:31:02,71.9667,102.5,53.82,82,17,1.28
174,Nikolskoye,RU,2022-08-06 16:31:03,59.7035,30.7861,65.79,97,100,10.76
175,Upernavik,GL,2022-08-06 16:31:03,72.7868,-56.1549,39.65,94,80,11.88
176,Tasiilaq,GL,2022-08-06 16:31:03,65.6145,-37.6368,46.56,80,100,14.09
177,Paamiut,GL,2022-08-06 16:31:04,61.994,-49.6678,42.8,95,100,12.06
178,Fortuna,US,2022-08-06 16:26:10,40.5982,-124.1573,61.92,90,100,0.0
179,Pevek,RU,2022-08-06 16:31:04,69.7008,170.3133,35.4,99,100,3.53
180,Wanning,CN,2022-08-06 16:31:04,18.8003,110.3967,80.46,83,100,2.21
181,Pisco,PE,2022-08-06 16:32:05,-13.7,-76.2167,64.02,77,75,8.05
182,Ahipara,NZ,2022-08-06 16:32:05,-35.1667,173.1667,60.39,92,100,9.64
183,Santa Helena De Goias,BR,2022-08-06 16:27:29,-17.8136,-50.5969,90.91,18,2,8.46
184,Sao Filipe,CV,2022-08-06 16:32:06,14.8961,-24.4956,77.67,84,81,7.16
185,Nuevitas,CU,2022-08-06 16:32:06,21.5453,-77.2644,85.86,65,93,15.41
186,Atar,MR,2022-08-06 16:32:06,20.5169,-13.0499,106.77,18,98,10.65
187,Morondava,MG,2022-08-06 16:32:07,-20.2833,44.2833,72.79,75,0,15.35
188,Whitehorse,CA,2022-08-06 16:32:07,60.7161,-135.0538,58.1,71,75,8.05
189,Korla,CN,2022-08-06 16:32:08,41.7597,86.1469,88.99,24,97,7.18
190,Bluff,NZ,2022-08-06 16:32:08,-46.6,168.3333,40.53,96,86,19.46
191,Sturgeon Falls,CA,2022-08-06 16:32:09,46.3646,-79.9326,84.88,54,69,13.22
192,Provideniya,RU,2022-08-06 16:32:09,64.3833,-173.3,48.25,84,59,4.65
193,Vidim,RU,2022-08-06 16:32:09,56.4088,103.1106,48.22,99,99,5.55
194,Port Alfred,ZA,2022-08-06 16:32:10,-33.5906,26.891,58.17,93,36,1.99
195,Heyang,CN,2022-08-06 16:32:10,26.1011,107.473,68.45,98,51,2.82
196,Bageshwar,IN,2022-08-06 16:32:11,29.85,79.7667,71.76,95,89,2.53
197,Chuy,UY,2022-08-06 16:32:11,-33.6971,-53.4616,53.33,64,99,8.39
198,Sao Joao Da Barra,BR,2022-08-06 16:28:41,-21.6403,-41.0511,77.09,63,100,11.1
199,Georgetown,MY,2022-08-06 16:32:11,5.4112,100.3354,82.33,85,20,2.3
200,Baykit,RU,2022-08-06 16:32:12,61.67,96.37,51.87,91,100,3.33
201,Gizo,SB,2022-08-06 16:32:12,-8.103,156.8419,81.27,74,98,5.68
202,Dakar,SN,2022-08-06 16:32:12,14.6937,-17.4441,86.13,74,40,9.22
203,Vanavara,RU,2022-08-06 16:32:13,60.34,102.2797,49.05,94,100,8.59
204,Sanghar,PK,2022-08-06 16:32:13,26.0466,68.9481,94.53,46,54,4.56
205,Olafsvik,IS,2022-08-06 16:32:13,64.8945,-23.7142,53.89,91,96,6.31
206,Praia Da Vitoria,PT,2022-08-06 16:30:00,38.7333,-27.0667,73.76,100,40,13.4
207,Chifeng,CN,2022-08-06 16:27:17,42.2683,118.9636,76.91,78,100,6.42
208,Khartoum,SD,2022-08-06 16:32:14,15.5518,32.5324,91.02,51,100,1.99
209,Kodinsk,RU,2022-08-06 16:32:14,58.6881,99.1844,46.0,95,100,3.33
210,Taoudenni,ML,2022-08-06 16:32:15,22.6783,-3.9836,113.67,7,22,18.01
211,Dalvik,IS,2022-08-06 16:32:15,65.9702,-18.5286,58.93,77,100,1.66
212,Sistranda,NO,2022-08-06 16:32:15,63.7256,8.834,51.76,80,100,25.3
213,Port Hedland,AU,2022-08-06 16:32:16,-20.3167,118.5667,57.25,77,0,8.05
214,Krasnoarmeysk,RU,2022-08-06 16:32:16,51.0239,45.6969,75.47,39,55,14.12
215,Gat,IL,2022-08-06 16:32:16,31.61,34.7642,85.41,100,0,10.6
216,Okoneshnikovo,RU,2022-08-06 16:32:17,54.8377,75.0834,61.74,85,64,6.89
217,Tommot,RU,2022-08-06 16:32:17,58.9564,126.2925,51.53,98,100,8.75
218,Nanortalik,GL,2022-08-06 16:32:18,60.1432,-45.2371,45.01,95,100,7.31
219,Komsomolskiy,UZ,2022-08-06 16:32:18,40.4272,71.7189,82.67,24,2,7.16
220,San Jose,US,2022-08-06 16:28:38,37.3394,-121.895,69.87,77,75,5.75
221,Soe,ID,2022-08-06 16:32:18,-9.8607,124.284,62.33,96,47,3.83
222,Talnakh,RU,2022-08-06 16:32:19,69.4865,88.3972,58.21,95,94,3.76
223,Ketchikan,US,2022-08-06 16:32:19,55.3422,-131.6461,59.47,94,100,14.97
224,Avera,US,2022-08-06 16:32:19,33.194,-82.5271,89.11,47,62,6.35
225,Omihachiman,JP,2022-08-06 16:32:20,35.1286,136.0976,80.58,91,61,3.04
226,Hashtrud,IR,2022-08-06 16:32:20,37.4779,47.0508,71.87,55,57,5.48
227,Khash,IR,2022-08-06 16:33:20,28.2211,61.2158,86.04,12,0,9.17
228,Yuanping,CN,2022-08-06 16:33:21,38.7153,112.7575,74.97,86,82,1.68
229,Palauig,PH,2022-08-06 16:33:21,15.435,119.9045,79.2,84,100,11.61
230,Zeya,RU,2022-08-06 16:33:21,53.75,127.2667,50.81,96,23,2.39
231,Irbeyskoye,RU,2022-08-06 16:33:23,55.6428,95.4522,49.48,81,70,4.14
232,Machali,CL,2022-08-06 16:33:23,-34.1833,-70.6667,45.68,93,100,3.44
233,Touros,BR,2022-08-06 16:33:23,-5.1989,-35.4608,82.63,65,79,17.0
234,Bud,US,2022-08-06 16:33:24,39.447,-86.1758,85.82,83,6,4.83
235,Ilhabela,BR,2022-08-06 16:33:24,-23.7781,-45.3581,68.86,70,99,6.26
236,Rosetta,EG,2022-08-06 16:33:25,31.4044,30.4164,79.47,68,0,9.33
237,Imeni Poliny Osipenko,RU,2022-08-06 16:33:26,52.4201,136.4853,61.59,98,100,4.45
238,Nerchinskiy Zavod,RU,2022-08-06 16:33:26,51.3088,119.61,57.97,61,99,4.18
239,Bowen,AU,2022-08-06 16:33:26,-20.0167,148.2333,67.28,95,28,5.55
240,Hambantota,LK,2022-08-06 16:33:27,6.1241,81.1185,78.24,83,100,16.46
241,Sao Mateus,BR,2022-08-06 16:31:11,-18.7161,-39.8589,80.28,58,92,8.77
242,Ulaanbaatar,MN,2022-08-06 16:30:23,47.9077,106.8832,53.73,82,20,8.95
243,San Ramon,US,2022-08-06 16:31:56,37.7799,-121.978,69.33,74,100,6.91
244,Oistins,BB,2022-08-06 16:33:28,13.0667,-59.5333,87.89,70,40,17.27
245,Balakhninskiy,RU,2022-08-06 16:33:28,58.0106,114.2769,49.26,95,94,4.29
246,Mwene-Ditu,CD,2022-08-06 16:33:29,-7.0,23.45,80.49,25,7,2.84
247,Kedrovyy,RU,2022-08-06 16:33:29,56.1667,91.8167,52.21,76,33,4.18
248,Urucara,BR,2022-08-06 16:33:29,-2.5364,-57.76,96.44,34,20,5.79
249,Teguldet,RU,2022-08-06 16:33:30,57.3064,88.1667,54.59,96,79,3.06
250,Mount Gambier,AU,2022-08-06 16:33:30,-37.8333,140.7667,46.83,91,94,4.59
251,Baruun-Urt,MN,2022-08-06 16:33:30,46.6806,113.2792,58.05,80,97,11.43
252,Helong,CN,2022-08-06 16:33:31,42.5397,128.9972,70.92,72,100,3.6
253,San Cristobal,VE,2022-08-06 16:33:31,7.7669,-72.225,73.58,61,98,7.29
254,Salym,RU,2022-08-06 16:33:31,60.0625,71.4789,63.66,74,100,4.97
255,Ilulissat,GL,2022-08-06 16:33:31,69.2167,-51.1,46.42,93,75,5.75
256,Ranong,TH,2022-08-06 16:33:32,9.9658,98.6348,80.17,85,99,11.97
257,Riviere-Au-Renard,CA,2022-08-06 16:33:32,48.9957,-64.3971,79.09,49,76,11.18
258,Alberton,CA,2022-08-06 16:33:33,46.8168,-64.0654,77.13,52,11,5.57
259,Jos,NG,2022-08-06 16:33:33,9.9167,8.9,76.3,84,89,3.09
260,Nueva Concepcion,GT,2022-08-06 16:33:34,14.2,-91.3,84.9,70,55,4.05
261,Macenta,GN,2022-08-06 16:33:34,8.5435,-9.471,74.89,94,80,2.75
262,Roma,US,2022-08-06 16:33:25,43.2128,-75.4557,87.66,62,0,6.91
263,Saldanha,ZA,2022-08-06 16:33:35,-33.0117,17.9442,66.25,83,0,13.85
264,Pacific Grove,US,2022-08-06 16:33:32,36.6177,-121.9166,66.31,83,100,4.61
265,Troy,US,2022-08-06 16:28:42,42.6056,-83.1499,88.9,71,40,5.75
266,Tazovskiy,RU,2022-08-06 16:33:35,67.4667,78.7,52.66,83,100,8.3
267,Luderitz,NA,2022-08-06 16:33:35,-26.6481,15.1594,61.3,65,99,7.18
268,Lasa,IT,2022-08-06 16:33:36,46.6166,10.7002,70.68,92,73,3.36
269,Carutapera,BR,2022-08-06 16:33:36,-1.195,-46.02,84.6,67,39,10.76
270,Jaciara,BR,2022-08-06 16:33:36,-15.9653,-54.9683,97.16,14,92,5.3
271,Jiazi,CN,2022-08-06 16:33:37,22.8779,116.067,81.55,86,44,5.48
272,Vysotsk,RU,2022-08-06 16:33:37,60.6288,28.5705,63.32,74,96,18.3
273,Aksu,CN,2022-08-06 16:34:37,41.1231,80.2644,70.56,58,40,6.33
274,Mkushi,ZM,2022-08-06 16:34:37,-13.6202,29.3939,61.57,46,0,4.05
275,Zaltan,LY,2022-08-06 16:34:38,32.947,11.8665,87.8,41,0,12.5
276,Zlobin,HR,2022-08-06 16:34:38,45.2924,14.6541,85.3,45,20,11.5
277,Little Current,CA,2022-08-06 16:34:38,45.9793,-81.9248,75.42,70,68,9.57
278,Inhambane,MZ,2022-08-06 16:34:39,-23.865,35.3833,73.38,78,20,6.91
279,Rojhan,PK,2022-08-06 16:34:39,28.6868,69.9534,88.38,60,79,6.96
280,Dingle,PH,2022-08-06 16:34:39,10.9995,122.6711,75.24,92,100,3.27
281,Quisqueya,DO,2022-08-06 16:34:40,18.5554,-69.4081,85.14,50,100,9.35
282,Timmins,CA,2022-08-06 16:34:02,48.4669,-81.3331,78.62,61,75,18.41
283,Lakes Entrance,AU,2022-08-06 16:34:40,-37.8811,147.981,49.15,84,99,6.38
284,Areosa,PT,2022-08-06 16:34:40,41.7178,-8.8571,72.41,72,12,4.34
285,Staryy Nadym,RU,2022-08-06 16:34:40,65.6118,72.6842,59.02,79,85,9.4
286,Belaya Gora,RU,2022-08-06 16:34:41,68.5333,146.4167,51.42,84,100,3.38
287,Heze,CN,2022-08-06 16:34:41,35.2431,115.4411,83.86,75,28,10.02
288,Kodiak,US,2022-08-06 16:34:41,57.79,-152.4072,53.11,76,40,0.0
289,Severobaykalsk,RU,2022-08-06 16:34:42,55.65,109.3167,46.26,95,100,5.35
290,North Platte,US,2022-08-06 16:34:42,41.1239,-100.7654,82.29,65,20,18.41
291,Ormond Beach,US,2022-08-06 16:31:24,29.2858,-81.0559,90.1,74,40,8.05
292,Vila Franca Do Campo,PT,2022-08-06 16:34:42,37.7167,-25.4333,75.61,72,57,8.63
293,Dolgoprudnyy,RU,2022-08-06 16:34:43,55.9041,37.5606,84.36,51,75,11.18
294,Sri Aman,MY,2022-08-06 16:34:43,1.2376,111.4621,77.09,94,94,1.14
295,Guajara,BR,2022-08-06 16:34:43,-2.9667,-57.6667,96.33,35,16,4.94
296,Fare,PF,2022-08-06 16:34:44,-16.7,-151.0167,77.76,75,47,25.41
297,Betsiamites,CA,2022-08-06 16:34:44,48.9413,-68.646,69.89,59,44,9.62
298,Manokwari,ID,2022-08-06 16:34:44,-0.8667,134.0833,77.59,73,100,4.36
299,Karratha,AU,2022-08-06 16:34:45,-20.7377,116.8463,64.83,51,0,9.57
300,Kumba,CM,2022-08-06 16:34:45,4.6363,9.4469,74.23,92,76,3.62
301,Meulaboh,ID,2022-08-06 16:34:45,4.1363,96.1285,79.07,77,96,0.78
302,Sinnamary,GF,2022-08-06 16:34:45,5.3833,-52.95,86.95,57,63,10.25
303,Fort Nelson,CA,2022-08-06 16:34:46,58.8053,-122.7002,69.39,52,20,8.05
304,Christchurch,NZ,2022-08-06 16:30:02,-43.5333,172.6333,48.9,96,75,9.22
305,Kishtwar,IN,2022-08-06 16:34:46,33.3167,75.7667,66.51,95,18,1.57
306,Beringovskiy,RU,2022-08-06 16:34:46,63.05,179.3167,50.43,91,100,8.39
307,Salinopolis,BR,2022-08-06 16:34:47,-0.6136,-47.3561,83.95,67,46,13.11
308,Mangrol,IN,2022-08-06 16:34:47,21.1167,70.1167,81.72,85,59,9.89
309,Dangriga,BZ,2022-08-06 16:34:47,16.9692,-88.2321,80.87,83,98,10.2
310,Nelson Bay,AU,2022-08-06 16:34:48,-32.7167,152.15,54.0,79,3,8.01
311,Gornopravdinsk,RU,2022-08-06 16:34:48,60.05,69.9,64.99,74,100,4.34
312,Balkanabat,TM,2022-08-06 16:34:48,39.5108,54.3671,92.08,23,4,11.21
313,Narsaq,GL,2022-08-06 16:34:49,60.9167,-46.05,50.22,95,99,8.77
314,Bulgan,MN,2022-08-06 16:34:49,48.8125,103.5347,50.36,89,96,2.91
315,Saint-Augustin,CA,2022-08-06 16:34:49,51.226,-58.6502,77.22,31,72,12.24
316,Nouakchott,MR,2022-08-06 16:35:50,18.0858,-15.9785,87.73,77,28,16.04
317,Klaksvik,FO,2022-08-06 16:35:50,62.2266,-6.589,54.52,98,100,10.67
318,Kasama,ZM,2022-08-06 16:35:50,-10.2129,31.1808,64.29,33,50,5.53
319,Bensonville,LR,2022-08-06 16:35:51,6.4461,-10.6125,79.16,73,88,8.3
320,Tynda,RU,2022-08-06 16:32:08,55.1667,124.7167,43.61,92,25,1.86
321,El Tigre,VE,2022-08-06 16:35:51,8.8875,-64.2454,89.4,44,39,10.18
322,Alofi,NU,2022-08-06 16:34:42,-19.0595,-169.9187,71.49,94,100,10.36
323,General Roca,AR,2022-08-06 16:35:36,-39.0333,-67.5833,41.63,90,100,16.08
324,Chake Chake,TZ,2022-08-06 16:35:51,-5.2459,39.7666,71.76,76,55,10.47
325,Tura,IN,2022-08-06 16:35:52,25.5198,90.2201,74.39,97,49,1.68
326,Kurilsk,RU,2022-08-06 16:35:52,45.2333,147.8833,52.16,83,95,4.7
327,Boende,CD,2022-08-06 16:35:52,-0.2167,20.8667,78.53,70,97,2.15
328,Kochubey,RU,2022-08-06 16:35:53,44.3861,46.5825,73.02,63,100,14.36
329,Calderitas,MX,2022-08-06 16:35:53,18.55,-88.25,82.51,78,75,0.0
330,Rockland,US,2022-08-06 16:35:53,41.1668,-74.0496,92.1,58,77,1.99
331,Skibbereen,IE,2022-08-06 16:35:54,51.55,-9.2667,65.1,67,44,9.48
332,Tanout,NE,2022-08-06 16:35:54,14.9709,8.8879,96.49,28,61,6.93
333,Riyadh,SA,2022-08-06 16:35:54,24.6877,46.7219,109.54,11,66,4.25
334,Requena,ES,2022-08-06 16:35:54,39.4883,-1.1004,83.79,33,3,15.97
335,Puerto Colombia,CO,2022-08-06 16:35:55,10.9878,-74.9547,84.29,75,100,4.65
336,Lata,PT,2022-08-06 16:35:55,40.1629,-8.3327,83.48,51,0,9.4
337,Tabuk,PH,2022-08-06 16:35:55,17.4189,121.4443,74.12,93,100,4.07
338,Amapa,BR,2022-08-06 16:35:56,1.0,-52.0,91.2,37,69,5.23
339,Ipixuna,BR,2022-08-06 16:35:56,-1.7625,-48.8043,93.43,38,42,4.0
340,Colares,PT,2022-08-06 16:31:53,38.7992,-9.4469,77.45,66,20,15.01
341,Karpathos,GR,2022-08-06 16:35:56,35.507,27.2132,78.76,78,0,21.85
342,Anadyr,RU,2022-08-06 16:35:57,64.75,177.4833,54.1,71,0,4.47
343,Turukhansk,RU,2022-08-06 16:35:57,65.8167,87.9833,59.63,71,81,6.49
344,Beloha,MG,2022-08-06 16:35:57,-25.1667,45.05,63.41,85,1,5.21
345,Caravelas,BR,2022-08-06 16:35:58,-17.7125,-39.2481,79.48,61,71,7.11
346,Kudahuvadhoo,MV,2022-08-06 16:35:58,2.6708,72.8944,82.47,77,91,13.18
347,Xining,CN,2022-08-06 16:35:58,36.6167,101.7667,68.02,75,97,1.21
348,Dunedin,NZ,2022-08-06 16:32:34,-45.8742,170.5036,52.81,67,100,1.99
349,Flagstaff,US,2022-08-06 16:31:42,35.1981,-111.6513,77.31,51,0,3.44
350,Sivas,TR,2022-08-06 16:35:59,39.7916,37.0019,75.83,53,0,14.97
351,Lixourion,GR,2022-08-06 16:35:59,38.2019,20.4314,87.8,62,20,13.8
352,Haines Junction,CA,2022-08-06 16:35:59,60.7522,-137.5108,57.15,67,97,1.14
353,Conselheiro Pena,BR,2022-08-06 16:36:00,-19.1722,-41.4722,87.91,38,11,8.7
354,Manyana,BW,2022-08-06 16:36:00,-23.4,21.7167,66.9,22,88,1.99
355,The Woodlands,US,2022-08-06 16:32:16,30.158,-95.4894,86.47,88,75,5.75
356,Grindavik,IS,2022-08-06 16:36:01,63.8424,-22.4338,55.35,94,75,12.66
357,Ploemeur,FR,2022-08-06 16:37:01,47.7333,-3.4333,80.85,25,0,10.36
358,Daru,PG,2022-08-06 16:37:01,-9.0763,143.2092,77.5,92,83,11.56
359,Sitka,US,2022-08-06 16:37:01,57.0531,-135.33,57.09,94,100,11.5
360,Emerald,AU,2022-08-06 16:37:02,-23.5333,148.1667,59.14,100,100,0.0
361,Rawson,AR,2022-08-06 16:37:02,-43.3002,-65.1023,46.24,70,99,11.45
362,Kargasok,RU,2022-08-06 16:37:02,59.0556,80.8572,61.02,82,100,6.67
363,Mezen,RU,2022-08-06 16:37:03,65.8522,44.24,75.06,59,5,7.83
364,Tual,ID,2022-08-06 16:37:03,-5.6667,132.75,79.41,84,94,7.81
365,Abha,SA,2022-08-06 16:37:04,18.2164,42.5053,66.45,83,75,9.22
366,Bousso,TD,2022-08-06 16:37:04,10.4795,16.7117,82.26,72,89,4.68
367,Santiago,CL,2022-08-06 16:35:05,-33.4569,-70.6483,55.29,74,100,2.3
368,Nieuw Nickerie,SR,2022-08-06 16:37:05,5.95,-56.9833,84.09,67,94,9.24
369,Brae,GB,2022-08-06 16:37:05,60.3964,-1.353,53.29,95,100,17.02
370,Nan,TH,2022-08-06 16:35:51,18.8333,100.6667,73.18,98,100,1.5
371,Ibanda,TZ,2022-08-06 16:37:05,-2.7974,32.4746,74.19,37,90,1.59
372,Bandarbeyla,SO,2022-08-06 16:37:06,9.4942,50.8122,77.02,82,97,30.89
373,Orlik,RU,2022-08-06 16:37:06,52.5178,99.825,41.61,75,27,3.09
374,Olinda,BR,2022-08-06 16:37:06,-8.0089,-34.8553,80.33,65,20,11.5
375,Takoradi,GH,2022-08-06 16:37:07,4.8845,-1.7554,76.06,73,4,9.71
376,Thinadhoo,MV,2022-08-06 16:37:07,0.5333,72.9333,82.87,72,85,10.31
377,Santa Maria,BR,2022-08-06 16:37:07,-29.6842,-53.8069,54.7,71,75,12.66
378,Berezovyy,RU,2022-08-06 16:37:08,51.6667,135.7,62.46,98,75,1.52
379,Golden Gate,US,2022-08-06 16:37:08,26.1879,-81.6951,92.01,63,20,10.36
380,General Pico,AR,2022-08-06 16:37:09,-35.6566,-63.7568,61.45,38,92,10.36
381,Alora,ES,2022-08-06 16:37:09,36.8236,-4.7058,88.32,28,0,8.81
382,Smithers,CA,2022-08-06 16:37:09,54.7804,-127.1743,61.12,77,75,2.3
383,Kyra,RU,2022-08-06 16:37:10,49.5776,111.9753,46.72,87,67,6.46
384,Comarapa,BO,2022-08-06 16:37:10,-17.9,-64.4833,62.67,72,100,7.54
385,Hofn,IS,2022-08-06 16:37:10,64.2539,-15.2082,53.96,89,100,4.99
386,Broken Hill,AU,2022-08-06 16:37:11,-31.95,141.4333,43.54,79,19,9.1
387,Flers,FR,2022-08-06 16:37:11,48.7372,-0.5747,70.05,33,13,12.28
388,Airai,TL,2022-08-06 16:37:11,-8.9266,125.4092,58.1,95,93,2.62
389,Pasighat,IN,2022-08-06 16:37:12,28.0667,95.3333,81.66,84,88,3.04
390,Urmary,RU,2022-08-06 16:33:15,55.6789,47.944,68.31,68,37,3.78
391,Puerto Carreno,CO,2022-08-06 16:34:12,6.189,-67.4859,84.18,70,20,5.75
392,Ialibu,PG,2022-08-06 16:37:12,-6.2821,143.9935,55.89,96,100,1.74
393,Sorland,NO,2022-08-06 16:37:13,67.667,12.6934,53.46,81,96,16.22
394,Ndjole,GA,2022-08-06 16:37:13,-0.1783,10.7649,87.91,44,65,2.46
395,Totness,SR,2022-08-06 16:37:13,5.8833,-56.3167,87.26,60,91,7.23
396,Nokha,IN,2022-08-06 16:37:14,27.6,73.4167,91.33,52,61,4.36
397,Aberdeen,GB,2022-08-06 16:37:14,57.1437,-2.0981,64.89,63,100,9.22
398,Sungaipenuh,ID,2022-08-06 16:37:14,-2.0833,101.3833,63.03,97,29,1.57
399,Carballo,ES,2022-08-06 16:37:15,43.213,-8.691,87.22,72,32,11.65
400,Okha,RU,2022-08-06 16:37:15,53.5739,142.9478,53.85,97,100,21.16
401,Pucallpa,PE,2022-08-06 16:37:16,-8.3791,-74.5539,77.04,94,75,2.3
402,Rengali,IN,2022-08-06 16:37:16,21.6333,84.05,78.98,88,100,5.01
403,Leningradskiy,RU,2022-08-06 16:38:16,69.3833,178.4167,37.08,91,99,1.07
404,Bosobolo,CD,2022-08-06 16:38:17,4.1833,19.9,73.58,91,88,2.01
405,Livingston,GB,2022-08-06 16:37:19,55.9029,-3.5226,66.2,55,40,17.27
406,Belen,TR,2022-08-06 16:38:17,36.4891,36.2233,77.14,65,0,20.71
407,Tabou,CI,2022-08-06 16:38:17,4.423,-7.3528,77.59,64,33,7.76
408,Puerto El Triunfo,SV,2022-08-06 16:38:18,13.2833,-88.55,86.86,58,69,6.13
409,Ulaangom,MN,2022-08-06 16:38:18,49.9811,92.0667,58.89,44,1,1.03
410,Usinsk,RU,2022-08-06 16:38:19,65.9939,57.5281,70.47,55,31,9.04
411,Igrim,RU,2022-08-06 16:38:19,63.1906,64.4162,66.85,70,96,2.39
412,Kiunga,PG,2022-08-06 16:38:19,-6.1219,141.2906,72.79,99,100,1.12
413,Agadez,NE,2022-08-06 16:38:20,19.75,10.25,104.83,10,6,9.28
414,Kizilskoye,RU,2022-08-06 16:38:20,52.7255,58.8937,67.73,55,2,6.38
415,Scalea,IT,2022-08-06 16:38:20,39.813,15.7956,81.41,76,27,2.82
416,Kendari,ID,2022-08-06 16:38:21,-3.945,122.4989,73.45,97,100,2.24
417,Borgarnes,IS,2022-08-06 16:38:21,64.5383,-21.9206,61.81,79,95,6.24
418,Port Lincoln,AU,2022-08-06 16:36:12,-34.7333,135.8667,52.32,73,14,9.51
419,Bubaque,GW,2022-08-06 16:38:21,11.2833,-15.8333,79.83,79,100,9.69
420,Purna,IN,2022-08-06 16:38:22,19.1833,77.05,77.85,85,94,8.48
421,Launceston,AU,2022-08-06 16:38:22,-41.45,147.1667,41.61,85,20,10.36
422,Inverell,AU,2022-08-06 16:38:22,-29.7833,151.1167,43.16,80,4,1.01
423,Dillon,US,2022-08-06 16:38:23,34.4166,-79.3712,92.03,39,57,7.18
424,Flin Flon,CA,2022-08-06 16:38:23,54.7682,-101.865,62.44,55,20,8.05
425,Suba,PH,2022-08-06 16:38:23,10.8438,121.0102,79.07,88,100,20.51
426,Ust-Kulom,RU,2022-08-06 16:38:24,61.6864,53.6902,69.76,67,27,2.26
427,Kortkeros,RU,2022-08-06 16:38:24,61.8106,51.5806,77.0,67,25,3.6
428,Nome,US,2022-08-06 16:37:09,64.5011,-165.4064,42.17,81,75,8.05
429,Lambarene,GA,2022-08-06 16:38:25,-0.7001,10.2406,86.18,48,55,6.04
430,Goderich,CA,2022-08-06 16:38:25,43.7501,-81.7165,81.91,78,10,11.5
431,Forest Grove,US,2022-08-06 16:35:52,45.5198,-123.1107,72.32,63,0,3.0
432,Muzaffarabad,PK,2022-08-06 16:38:26,34.37,73.4711,76.86,90,82,2.55
433,Balkhash,KZ,2022-08-06 16:38:26,46.844,74.9804,77.25,32,4,18.59
434,Arman,RU,2022-08-06 16:38:27,59.7,150.1667,53.08,96,64,0.81
435,Cizre,TR,2022-08-06 16:38:27,37.3272,42.1903,106.81,20,0,13.8
436,Auki,SB,2022-08-06 16:38:27,-8.7676,160.7034,76.12,88,84,4.61
437,Matiguas,NI,2022-08-06 16:38:27,12.8373,-85.4622,80.26,73,97,9.71
438,Port Blair,IN,2022-08-06 16:38:28,11.6667,92.75,81.12,83,100,20.69
439,Nabire,ID,2022-08-06 16:38:28,-3.3667,135.4833,75.27,94,100,5.32
440,Cacu,BR,2022-08-06 16:38:28,-18.5567,-51.1308,94.35,16,9,8.52
441,Bucerias,MX,2022-08-06 16:38:29,20.75,-105.3333,87.98,74,100,3.44
442,Kyakhta,RU,2022-08-06 16:38:29,50.3508,106.4494,47.1,77,48,1.88
443,Bridlington,GB,2022-08-06 16:38:29,54.0831,-0.1919,70.9,64,88,7.99
444,Yairipok,IN,2022-08-06 16:38:30,24.6667,94.0667,70.11,98,27,1.74
445,Chokurdakh,RU,2022-08-06 16:38:30,70.6333,147.9167,35.76,94,100,7.99
446,White Rock,CA,2022-08-06 16:35:00,49.0164,-122.8026,73.74,69,4,2.3
447,Yulara,AU,2022-08-06 16:38:30,-25.2406,130.9889,49.12,44,0,9.26
448,Susehri,TR,2022-08-06 16:39:31,40.1644,38.0867,70.05,61,0,6.17
449,Itaituba,BR,2022-08-06 16:39:31,-4.2761,-55.9836,93.36,55,40,5.75
450,Klyuchi,RU,2022-08-06 16:39:31,52.2667,79.1667,67.26,43,3,7.96
451,Hami,CN,2022-08-06 16:39:09,42.8,93.45,89.56,12,21,16.87
452,Yakeshi,CN,2022-08-06 16:39:32,49.2833,120.7333,53.73,79,94,4.32
453,Avanigadda,IN,2022-08-06 16:39:32,16.0215,80.9181,79.95,83,100,9.82
454,Tiarei,PF,2022-08-06 16:39:32,-17.5333,-149.3333,71.62,79,68,25.95
455,Severnyy,RU,2022-08-06 16:39:33,50.677,36.5532,82.44,39,0,6.71
456,Nantucket,US,2022-08-06 16:38:54,41.2835,-70.0995,87.91,89,100,9.22
457,Agadir,MA,2022-08-06 16:39:33,30.4202,-9.5982,86.45,38,26,7.47
458,Tsiroanomandidy,MG,2022-08-06 16:39:33,-18.7667,46.0333,63.66,41,0,4.0
459,Clyde River,CA,2022-08-06 16:39:34,70.4692,-68.5914,43.03,81,100,18.41
460,Apac,UG,2022-08-06 16:39:34,1.9756,32.5386,71.62,64,78,4.0
461,Huaihua,CN,2022-08-06 16:39:34,27.5494,109.9592,76.8,86,8,3.94
462,Jacareacanga,BR,2022-08-06 16:39:35,-6.2222,-57.7528,99.57,29,16,4.72
463,Kavaratti,IN,2022-08-06 16:39:35,10.5669,72.642,80.62,85,61,21.23
464,Ponta Delgada,PT,2022-08-06 16:39:35,37.7333,-25.6667,75.92,83,75,9.22
465,Nyuksenitsa,RU,2022-08-06 16:39:35,60.4128,44.2397,72.48,63,45,4.54
466,Palafrugell,ES,2022-08-06 16:39:36,41.9174,3.1631,90.36,54,45,5.01
467,Florence,IT,2022-08-06 16:38:45,43.7667,11.25,98.35,33,20,9.22
468,Ponoka,CA,2022-08-06 16:39:36,52.6768,-113.5815,61.88,68,1,13.38
469,Khandyga,RU,2022-08-06 16:39:36,62.6667,135.6,63.97,62,100,4.29
470,Kemijarvi,FI,2022-08-06 16:39:37,66.7131,27.4306,61.03,95,100,7.94
471,Price,US,2022-08-06 16:39:37,39.5994,-110.8107,81.12,41,0,8.05
472,Sao Sebastiao Do Passe,BR,2022-08-06 16:39:37,-12.5125,-38.4953,81.95,75,86,6.49
473,Ondjiva,AO,2022-08-06 16:39:38,-17.0667,15.7333,75.9,16,1,4.79
474,Bandarban,BD,2022-08-06 16:39:38,22.1965,92.2262,80.31,98,71,2.19
475,Trelew,AR,2022-08-06 16:39:38,-43.249,-65.3051,47.26,63,100,11.61
476,Mogocha,RU,2022-08-06 16:35:16,53.7333,119.7667,54.32,68,43,2.3
477,Husavik,IS,2022-08-06 16:39:39,66.0449,-17.3389,54.05,73,79,2.98
478,Siilinjarvi,FI,2022-08-06 16:39:39,63.0833,27.6667,66.22,55,40,14.97
479,Naze,JP,2022-08-06 16:39:39,28.3667,129.4833,77.92,83,0,4.94
480,Orocue,CO,2022-08-06 16:39:39,4.7912,-71.3354,73.4,96,100,5.46
481,Paracuru,BR,2022-08-06 16:39:40,-3.41,-39.0306,81.1,55,13,16.46
482,Kununurra,AU,2022-08-06 16:35:44,-15.7667,128.7333,66.18,77,3,0.0
483,Teluk Intan,MY,2022-08-06 16:39:40,4.0259,101.0213,80.62,81,99,3.29
484,Kaseda,JP,2022-08-06 16:39:40,31.4167,130.3167,81.84,85,8,4.36
485,Yar-Sale,RU,2022-08-06 16:39:41,66.8333,70.8333,55.67,82,93,6.2
486,Kutum,SD,2022-08-06 16:39:41,14.2,24.6667,82.69,45,89,10.8
487,Vila Velha,BR,2022-08-06 16:39:41,-20.3297,-40.2925,80.55,67,20,17.27
488,Sur,OM,2022-08-06 16:39:42,22.5667,59.5289,86.45,71,66,1.88
489,Sabzevar,IR,2022-08-06 16:39:42,36.2126,57.6819,90.68,18,0,9.22
490,Ust-Barguzin,RU,2022-08-06 16:39:42,53.45,108.9833,50.47,85,92,5.23
491,Ostrovnoy,RU,2022-08-06 16:39:42,68.0531,39.5131,69.76,68,100,18.72
492,Tari,NG,2022-08-06 16:39:43,12.4086,4.4914,90.88,47,97,4.16
493,Quelimane,MZ,2022-08-06 16:39:43,-17.8786,36.8883,73.35,73,20,3.44
494,Faanui,PF,2022-08-06 16:40:43,-16.4833,-151.75,77.9,76,71,24.7
495,Makakilo City,US,2022-08-06 16:40:43,21.3469,-158.0858,76.01,80,0,4.61
496,Verkhoyansk,RU,2022-08-06 16:40:44,67.5447,133.385,49.84,95,100,3.09
497,Falesti,MD,2022-08-06 16:40:44,47.5736,27.7092,85.86,45,86,4.38
498,Weihai,CN,2022-08-06 16:40:44,37.5017,122.1136,80.82,88,55,10.18
499,Kungurtug,RU,2022-08-06 16:40:45,50.5994,97.5228,43.02,68,2,0.67
500,Mariani,IN,2022-08-06 16:40:45,26.6667,94.3333,80.55,90,96,2.55
501,Douglas,US,2022-08-06 16:40:45,41.3,-96.167,95.61,54,0,11.5
502,Osypenko,UA,2022-08-06 16:40:46,46.9136,36.8253,81.45,44,35,7.7
503,Dwarka,IN,2022-08-06 16:40:46,22.2394,68.9678,82.22,81,53,9.84
504,Quepos,CR,2022-08-06 16:40:46,9.4236,-84.1652,82.17,77,23,5.01
505,Bocas Del Toro,PA,2022-08-06 16:40:46,9.3333,-82.25,81.66,76,100,13.67
506,Cayenne,GF,2022-08-06 16:40:47,4.9333,-52.3333,89.64,27,75,9.22
507,Shache,CN,2022-08-06 16:40:47,38.4167,77.2406,67.93,69,83,4.59
508,Berlevag,NO,2022-08-06 16:40:47,70.8578,29.0864,57.2,76,75,13.8
509,Miri,MY,2022-08-06 16:38:16,4.4148,114.0089,78.94,89,20,3.44
510,Sao Felix Do Xingu,BR,2022-08-06 16:40:48,-6.6447,-51.995,91.02,45,72,3.76
511,Leh,IN,2022-08-06 16:40:48,34.1667,77.5833,66.99,47,64,6.49
512,Koumac,NC,2022-08-06 16:40:48,-20.5667,164.2833,73.96,84,70,3.11
513,Talea,RO,2022-08-06 16:40:48,45.2167,25.55,68.29,67,53,5.39
514,Ovruch,UA,2022-08-06 16:40:49,51.3246,28.8035,75.06,58,75,4.85
515,Merauke,ID,2022-08-06 16:40:49,-8.4667,140.3333,75.72,93,100,8.9
516,Talcahuano,CL,2022-08-06 16:40:49,-36.7167,-73.1167,51.48,93,100,6.91
517,Mahibadhoo,MV,2022-08-06 16:40:50,3.7833,72.9667,81.82,79,92,14.36
518,Gushikawa,JP,2022-08-06 16:40:50,26.3544,127.8686,81.63,89,0,0.0
519,Toledo,ES,2022-08-06 16:40:50,39.8333,-4.0,101.1,14,19,3.6
520,Vasto,IT,2022-08-06 16:40:51,42.1243,14.7059,93.47,48,0,6.04
521,Ilebo,CD,2022-08-06 16:40:51,-4.3167,20.5833,85.98,26,65,0.47
522,Midleton,IE,2022-08-06 16:40:51,51.9153,-8.1805,65.98,71,80,6.15
523,Gunnedah,AU,2022-08-06 16:40:52,-30.9833,150.25,43.95,80,7,4.21
524,Kenora,CA,2022-08-06 16:37:30,49.8167,-94.4337,61.77,59,40,11.5
525,Luanda,AO,2022-08-06 16:37:43,-8.8368,13.2343,68.2,80,1,14.47
526,Tigil,RU,2022-08-06 16:40:52,57.8,158.6667,48.22,93,35,1.74
527,Gallup,US,2022-08-06 16:40:52,35.5281,-108.7426,78.03,44,0,3.44
528,Aklavik,CA,2022-08-06 16:40:53,68.2191,-135.0107,55.4,94,100,8.05
529,Novyy Urengoy,RU,2022-08-06 16:40:53,66.0833,76.6333,60.21,73,52,11.54
530,Maxixe,MZ,2022-08-06 16:40:53,-23.8597,35.3472,73.22,78,20,6.91
531,Mayumba,GA,2022-08-06 16:40:53,-3.432,10.6554,70.0,80,24,7.54
532,Namibe,AO,2022-08-06 16:40:54,-15.1961,12.1522,63.91,82,53,8.32
533,Ouesso,CG,2022-08-06 16:40:54,1.6136,16.0517,77.25,75,97,1.34
534,Bambanglipuro,ID,2022-08-06 16:40:54,-7.95,110.2833,75.69,87,100,9.35
535,Santa Cruz Del Norte,CU,2022-08-06 16:40:55,23.1539,-81.9236,85.12,70,57,18.07
536,Pemberton,CA,2022-08-06 16:40:55,50.3164,-122.8027,72.21,46,6,0.89
537,Moose Factory,CA,2022-08-06 16:40:55,51.2585,-80.6094,73.4,78,100,18.41
538,Rizhao,CN,2022-08-06 16:40:55,35.4275,119.4553,82.85,86,24,5.57
539,Aguimes,ES,2022-08-06 16:40:56,27.9054,-15.4461,78.66,67,20,34.52
540,Samokov,BG,2022-08-06 16:40:56,42.3333,23.55,81.1,57,70,2.15
541,Saint-Avold,FR,2022-08-06 16:40:56,49.1027,6.7006,79.48,32,0,11.54
542,Arnedo,ES,2022-08-06 16:40:57,42.2167,-2.1,85.5,40,47,7.9
543,Noshiro,JP,2022-08-06 16:41:57,40.2039,140.0242,71.83,88,21,6.04
544,Fenoarivo,MG,2022-08-06 16:41:57,-18.933,47.4354,59.07,72,20,6.91
545,Camana,PE,2022-08-06 16:41:58,-16.6228,-72.7111,64.63,73,78,10.36
546,Mandera,KE,2022-08-06 16:41:58,3.9366,41.867,84.94,33,23,14.18
547,Marshall,US,2022-08-06 16:41:58,34.3834,-86.3333,92.07,60,78,4.07
548,Te Anau,NZ,2022-08-06 16:41:59,-45.4167,167.7167,42.39,94,94,0.13
549,Mandalgovi,MN,2022-08-06 16:41:59,45.7625,106.2708,58.55,63,95,20.07
550,Santa Rosa,PH,2022-08-06 16:41:59,14.3122,121.1114,78.78,93,100,4.25
551,Baghdad,IQ,2022-08-06 16:42:00,33.3406,44.4009,112.91,17,7,9.22
552,Warrnambool,AU,2022-08-06 16:42:00,-38.3833,142.4833,49.66,72,92,7.05
553,Mocuba,MZ,2022-08-06 16:42:00,-16.8392,36.9856,67.96,77,0,6.85
554,Iguguno,TZ,2022-08-06 16:42:00,-4.5697,34.6275,71.26,37,76,7.61
555,Ramshir,IR,2022-08-06 16:42:01,30.8946,49.4092,103.86,32,0,10.45
556,Mukhtolovo,RU,2022-08-06 16:42:01,55.4644,43.1953,71.98,59,76,4.83
557,Kralendijk,BQ,2022-08-06 16:42:01,12.15,-68.2667,89.58,66,75,24.16
558,Iqaluit,CA,2022-08-06 16:42:02,63.7506,-68.5145,58.73,79,40,13.8
559,Cordoba,AR,2022-08-06 16:39:04,-31.4135,-64.1811,61.23,44,0,12.66
560,Fairview,US,2022-08-06 16:42:02,40.8126,-73.999,92.79,56,40,12.66
561,Port-Gentil,GA,2022-08-06 16:42:03,-0.7193,8.7815,76.96,73,75,12.66
562,Zvishavane,ZW,2022-08-06 16:42:03,-20.3267,30.0665,69.39,28,0,5.03
563,Grodkow,PL,2022-08-06 16:42:03,50.6984,17.3845,66.94,40,71,8.52
564,Beira,MZ,2022-08-06 16:42:04,-19.8436,34.8389,68.09,88,0,6.91
565,Gravatai,BR,2022-08-06 16:42:04,-29.9444,-50.9919,61.47,53,0,13.8
566,Nizhniy Kuranakh,RU,2022-08-06 16:42:04,58.8353,125.4869,50.2,97,100,7.54
567,Tahe,CN,2022-08-06 16:42:05,52.3333,124.7333,58.05,72,96,1.81
568,Cuamba,MZ,2022-08-06 16:42:05,-14.8031,36.5372,72.57,30,0,5.84
569,Hualmay,PE,2022-08-06 16:42:05,-11.0964,-77.6139,65.91,72,91,11.03
570,Nyagan,RU,2022-08-06 16:42:06,62.1406,65.3936,67.96,61,95,2.91
571,Najran,SA,2022-08-06 16:42:06,17.4924,44.1277,90.25,30,99,5.66
572,Santa Ines,BR,2022-08-06 16:42:06,-3.6667,-45.38,94.87,35,27,6.06
573,Taunsa,PK,2022-08-06 16:42:07,30.7048,70.6505,92.91,51,94,7.96
574,Sandwick,GB,2022-08-06 16:42:07,60.0,-1.25,53.42,100,100,16.11
575,Awbari,LY,2022-08-06 16:42:07,26.5921,12.7805,100.54,12,0,12.66
576,Maun,BW,2022-08-06 16:42:08,-19.9833,23.4167,84.16,23,0,2.3
577,Thurso,GB,2022-08-06 16:42:08,58.5927,-3.5259,57.45,87,100,18.39
